,target,variable,source,value
0,node_b,x,node_a,0.6448728169288591
1,node_c,x,node_a,0.6448728169288591
2,node_d,x,node_b,0.7521455025599701
3,node_d,y,node_c,0.41586095001376183
