,target,variable,source,value
0,node_b,x,node_a,0.5787140071322371
1,node_c,x,node_a,0.5787140071322371
2,node_d,x,node_b,0.6533319952665975
3,node_d,y,node_c,0.8371667129334884
