,target,variable,source,value
0,node_b,x,node_a,0.4532036765101598
1,node_c,x,node_a,0.4532036765101598
2,node_d,x,node_b,0.48701243281128714
3,node_d,y,node_c,0.8990489949870966
