,target,variable,source,value
0,node_b,x,node_a,0.07043179402428923
1,node_c,x,node_a,0.07043179402428923
2,node_d,x,node_b,0.07054848778205089
3,node_d,y,node_c,0.0049606376094799036
