,target,variable,source,value
0,node_b,x,node_a,0.3447028761310983
1,node_c,x,node_a,0.3447028761310983
2,node_d,x,node_b,0.3590370804101006
3,node_d,y,node_c,0.9411758973699376
